{
  "bm25": {
    "ndcg@10": 0.3421000968646572,
    "mrr@10": 0.3530375661375662,
    "recall@50": 0.7542222222222225,
    "num_queries": 750
  },
  "knn": {
    "ndcg@10": 0.23750064924543104,
    "mrr@10": 0.24597407407407404,
    "recall@50": 0.659111111111111,
    "num_queries": 750
  },
  "hybrid_rrf": {
    "ndcg@10": 0.3604557629831476,
    "mrr@10": 0.35997830687830656,
    "recall@50": 0.777555555555556,
    "num_queries": 750
  },
  "hybrid_rrf_rerank": {
    "ndcg@10": 0.3315452451496258,
    "mrr@10": 0.36082804232804205,
    "recall@50": 0.777555555555556,
    "num_queries": 750
  }
}