{
  "bm25": {
    "ndcg@10": 0.7760189886612792,
    "mrr@10": 0.8,
    "recall@50": 0.8333333333333334,
    "num_queries": 15
  },
  "knn": {
    "ndcg@10": 0.7862551556093096,
    "mrr@10": 0.8333333333333334,
    "recall@50": 1.0,
    "num_queries": 15
  },
  "hybrid_rrf": {
    "ndcg@10": 0.7851382247574252,
    "mrr@10": 0.8305555555555556,
    "recall@50": 1.0,
    "num_queries": 15
  },
  "hybrid_rrf_rerank": {
    "ndcg@10": 0.8148566865311615,
    "mrr@10": 0.8177777777777777,
    "recall@50": 1.0,
    "num_queries": 15
  }
}