{
  "bm25": {
    "ndcg@10": 0.3421000968646572,
    "mrr@10": 0.3530375661375662,
    "recall@50": 0.7542222222222225,
    "num_queries": 750
  },
  "knn": {
    "ndcg@10": 0.23750064924543104,
    "mrr@10": 0.24597407407407404,
    "recall@50": 0.660222222222222,
    "num_queries": 750
  },
  "hybrid_rrf": {
    "ndcg@10": 0.3658892819966138,
    "mrr@10": 0.36467354497354465,
    "recall@50": 0.800222222222223,
    "num_queries": 750
  },
  "hybrid_rrf_rerank": {
    "ndcg@10": 0.3055497636942766,
    "mrr@10": 0.3138883597883596,
    "recall@50": 0.8215555555555552,
    "num_queries": 750
  }
}